內容標題,排程日期,平台,狀態,主推商品,文案,素材,數據
卡 2 — 99% 愛車一族五大錯誤,2026-05-17T21:00:00+08:00,"TikTok, IG Reels, FB Reels",已排程,,"99% 愛車一族每週都在親手搞砸自己的漆面
五個錯誤你一定犯過至少三個
不預洗直接擦就是砂紙磨漆
留言想要送你五大錯誤對應解法卡

#米速 #泡泡怪獸 #汽車美容 #拋光 #鍍膜 #洗車錯誤 #兩桶水法 #漆面保養 #新手洗車",,
卡 5 — 90% 黑車車主太陽紋,2026-05-18T20:30:00+08:00,"TikTok, IG Reels, FB Reels",已排程,,"90% 黑車車主不知不覺都在毀掉自己幾十萬的車漆
黑車不掩飾任何瑕疵
白車的紋黑車放大十倍
黑車三鐵律 時間 毛巾 即時擦水
留言黑車送你黑車專屬清單

#米速 #泡泡怪獸 #汽車美容 #拋光 #鍍膜 #黑車保養 #黑車車主 #太陽紋 #黑色烤漆",,
卡 3 — 新手車主鍍膜中性洗劑,2026-05-19T21:00:00+08:00,"TikTok, IG Reels, FB Reels",已排程,,"大部分新手車主每週都在加速氧化自己的鍍膜
你花一萬五的鍍膜被 39 塊的洗車精洗掉
強鹼強酸洗碗精全部不能用
留言鍍膜送你中性洗劑判斷清單

#米速 #泡泡怪獸 #汽車美容 #拋光 #鍍膜 #鍍膜車保養 #中性洗劑 #鍍膜禁忌 #汽車鍍膜",,
卡 1 — 七成黑車車主輪圈,2026-05-20T20:30:00+08:00,"TikTok, IG Reels, FB Reels",已排程,,"七成黑車車主正在親手刮花輪圈
你以為輪圈用洗車身那塊毛巾就好嗎
那塊毛巾上的鐵屑等於砂紙
輪圈刮花一次拋光要花兩萬
留言區置頂有完整輪圈三件套清單
打 1 我私訊你

#米速 #泡泡怪獸 #汽車美容 #拋光 #鍍膜 #輪圈刮花 #黑色輪圈 #輪圈護理 #台中汽車美容",,
卡 4 — 90% 老車主自助場,2026-05-21T21:00:00+08:00,"TikTok, IG Reels, FB Reels",已排程,,"90% 老車主每週都在自助洗車場報廢自己幾十萬的車漆
高壓水柱 80 到 120 bar 貼太近就是吃漆
循環水裡的沙石是上一台車刷下來的
留言自助送你完整自助場 SOP

#米速 #泡泡怪獸 #汽車美容 #拋光 #鍍膜 #自助洗車場 #老車保養 #高壓清洗 #洗車場SOP",,
